id,question,optionOne,optionTwo,optionThree,optionFour,correctAnswer,correctAnswerID
1,Which country does this flag belong to?,Argentina,Australia,Armenia,Austria,Argentina,1
2,Which country does this flag belong to?,Angola,Austria,Australia,Armenia,Australia,3
3,Which country does this flag belong to?,Belarus,Belize,Brunei,Brazil,Brazil,4
4,Which country does this flag belong to?,Bahamas,Belgium,Barbados,Belize,Belgium,2
5,Which country does this flag belong to?,Gabon,France,Fiji,Finland,Fiji,3
6,Which country does this flag belong to?,Germany,Georgia,Greece,none of these,Germany,1
7,Which country does this flag belong to?,Dominica,Egypt,Denmark,Ethiopia,Denmark,3
8,Which country does this flag belong to?,Ireland,Iran,Hungary,India,India,4
9,Which country does this flag belong to?,Australia,New Zealand,Tuvalu,United States of America,New Zealand,2
10,Which country does this flag belong to?,Kuwait,Jordan,Sudan,Palestine,Kuwait,1
